<?xml version="1.0" encoding="UTF-8"?>
<project-private xmlns="http://www.netbeans.org/ns/project-private/1">
    <editor-bookmarks xmlns="http://www.netbeans.org/ns/editor-bookmarks/2" lastBookmarkId="0"/>
    <open-files xmlns="http://www.netbeans.org/ns/projectui-open-files/2">
        <group>
            <file>file:/D:/Eercizi%20Informatica/Progetto_fine_anno/PcUNITO12_05%20(3)/PcUNITO12_05/PcSlicer/src/FinestraGraficoRecord.java</file>
            <file>file:/D:/Eercizi%20Informatica/Progetto_fine_anno/PcUNITO12_05%20(3)/PcUNITO12_05/PcSlicer/src/Componente.java</file>
            <file>file:/D:/Eercizi%20Informatica/Progetto_fine_anno/PcUNITO12_05%20(3)/PcUNITO12_05/PcSlicer/src/FinestraDiGioco.java</file>
            <file>file:/D:/Eercizi%20Informatica/Progetto_fine_anno/PcUNITO12_05%20(3)/PcUNITO12_05/PcSlicer/src/GameOver.java</file>
            <file>file:/D:/Eercizi%20Informatica/Progetto_fine_anno/PcUNITO12_05%20(3)/PcUNITO12_05/PcSlicer/src/Gioco.java</file>
            <file>file:/D:/Eercizi%20Informatica/Progetto_fine_anno/PcUNITO12_05%20(3)/PcUNITO12_05/PcSlicer/src/MusicaInLoop.java</file>
            <file>file:/D:/Eercizi%20Informatica/Progetto_fine_anno/PcUNITO12_05%20(3)/PcUNITO12_05/PcSlicer/src/Opzioni.java</file>
            <file>file:/D:/Eercizi%20Informatica/Progetto_fine_anno/PcUNITO12_05%20(3)/PcUNITO12_05/PcSlicer/src/FinestraPrincipale.java</file>
        </group>
    </open-files>
</project-private>
